Abbey Lane,47.519467,-52.800441,
Ambassador Place,47.519467,-52.800441,
Amber Place,47.519467,-52.800441,
Arena Road,47.519467,-52.800441,
Armstrong Crescent,47.519467,-52.800441,
Ash Place,47.519467,-52.800441,
Ashford Drive,47.519467,-52.800441,
Aspenwood Place,47.519467,-52.800441,
Athens Drive,47.519467,-52.800441,
Avery Place,47.519467,-52.800441,
Babb Crescent,47.519467,-52.800441,
Badcock Place,47.519467,-52.800441,
Baffin Avenue,47.519467,-52.800441,
Baffin Drive,47.519467,-52.800441,
Bannister Street,47.519467,-52.800441,
Barbour Drive,47.519467,-52.800441,
Bartlett Place,47.519467,-52.800441,
Benson Place,47.519467,-52.800441,
Bettney Place,47.519467,-52.800441,
Billard Avenue,47.519467,-52.800441,
Birch Avenue,47.519467,-52.800441,
Blackmarsh Road,47.519467,-52.800441,
Blade Crescent,47.519467,-52.800441,
Blamey Place,47.519467,-52.800441,
Blandford Place,47.519467,-52.800441,
Bletchley Crescent,47.519467,-52.800441,
Blossom Avenue,47.519467,-52.800441,
Bonfoy Place,47.519467,-52.800441,
Bradley Place,47.519467,-52.800441,
Bragg Crescent,47.519467,-52.800441,
Brant Drive,47.519467,-52.800441,
Brett Place,47.519467,-52.800441,
Brodie Street,47.519467,-52.800441,
Burgess Avenue,47.519467,-52.800441,
Burrage Avenue,47.519467,-52.800441,
Cadiz Close,47.519467,-52.800441,
Carleton Drive,47.519467,-52.800441,
Carroll Drive,47.519467,-52.800441,
Castlehaven Place,47.519467,-52.800441,
Castors Drive,47.519467,-52.800441,
Chambers Cove Avenue,47.519467,-52.800441,
Champlain Crescent,47.519467,-52.800441,
Chancery Place,47.519467,-52.800441,
Churchill Avenue,47.519467,-52.800441,
Clinton Place,47.519467,-52.800441,
Cloverbrae Crescent,47.519467,-52.800441,
Cochius Lane,47.519467,-52.800441,
Collingwood Crescent,47.519467,-52.800441,
Collins Place,47.519467,-52.800441,
Commander Place,47.519467,-52.800441,
Commonwealth Avenue,47.519467,-52.800441,
Corte Real Place,47.519467,-52.800441,
Crewe Place,47.519467,-52.800441,
Crocker Place,47.519467,-52.800441,
Croucher Crescent,47.519467,-52.800441,
Crystal Place,47.519467,-52.800441,
Dalhousie Crescent,47.519467,-52.800441,
Dalton Avenue,47.519467,-52.800441,
Darby Place,47.519467,-52.800441,
Davis Place,47.519467,-52.800441,
Delaney Avenue,47.519467,-52.800441,
Denine Place,47.519467,-52.800441,
Diamond Place,47.519467,-52.800441,
Dollard Place,47.519467,-52.800441,
Donovan Street,47.519467,-52.800441,
Dunluce Crescent,47.519467,-52.800441,
Dunne's Road,47.519467,-52.800441,
Dunn's Lane,47.519467,-52.800441,
Dunrobin Street,47.519467,-52.800441,
Easton Place,47.519467,-52.800441,
Edinburgh Drive,47.519467,-52.800441,
Edwards Place,47.519467,-52.800441,
Elmcliffe Street,47.519467,-52.800441,
Emberley Place,47.519467,-52.800441,
Emerald Drive,47.519467,-52.800441,
Eriksson Crescent,47.519467,-52.800441,
Evans Place,47.519467,-52.800441,
Exploits Place,47.519467,-52.800441,
Fairweather Avenue,47.519467,-52.800441,
Farrell Drive,47.519467,-52.800441,
Finlaystone Drive,47.519467,-52.800441,
Firgreen Avenue,47.519467,-52.800441,
First Street,47.519467,-52.800441,
Fleet Street,47.519467,-52.800441,
Forest Avenue,47.519467,-52.800441,
Forsey Place,47.519467,-52.800441,
Fourth Street,47.519467,-52.800441,
Frobisher Avenue,47.519467,-52.800441,
Frontenac Avenue,47.519467,-52.800441,
Gadwall Place,47.519467,-52.800441,
Galway Crescent,47.519467,-52.800441,
Gates Place,47.519467,-52.800441,
Gibraltar Close,47.519467,-52.800441,
Giles Place,47.519467,-52.800441,
Gilham Crescent,47.519467,-52.800441,
Gillespie Place,47.519467,-52.800441,
Gillett Place,47.519467,-52.800441,
Glendale Avenue,47.519467,-52.800441,
Glendenning Place,47.519467,-52.800441,
Goldeneye Place,47.519467,-52.800441,
Gosse Place,47.519467,-52.800441,
Graham Place,47.519467,-52.800441,
Grandy Crescent,47.519467,-52.800441,
Greenwood Crescent,47.519467,-52.800441,
Grey Place,47.519467,-52.800441,
Groves Place,47.519467,-52.800441,
Gushue Avenue,47.519467,-52.800441,
Hagen Place,47.519467,-52.800441,
Halleran Place,47.519467,-52.800441,
Hann Place,47.519467,-52.800441,
Hanrahan Place,47.519467,-52.800441,
Harlequin Crescent,47.519467,-52.800441,
Harnum Crescent,47.519467,-52.800441,
Harvard Drive,47.519467,-52.800441,
Hemmer Jane Drive,47.519467,-52.800441,
Hillhurst Street,47.519467,-52.800441,
Hodder Place,47.519467,-52.800441,
Holden Street,47.519467,-52.800441,
Horatio Close,47.519467,-52.800441,
Hounsell Avenue,47.519467,-52.800441,
Hubbard Place,47.519467,-52.800441,
Humber Drive,47.519467,-52.800441,
Ingerman Street,47.519467,-52.800441,
Jackman Drive,47.519467,-52.800441,
Jacobs Place,47.519467,-52.800441,
Jacqueline Road,47.519467,-52.800441,
Jeffers Drive,47.519467,-52.800441,
Jeffers Place,47.519467,-52.800441,
Jersey Avenue,47.519467,-52.800441,
Jubilee Place,47.519467,-52.800441,
Kean Place,47.519467,-52.800441,
Kelburn Place,47.519467,-52.800441,
Kennedy Place,47.519467,-52.800441,
Keough Crescent,47.519467,-52.800441,
Lady Anne Place,47.519467,-52.800441,
Lancaster Crescent,47.519467,-52.800441,
Larsen Street,47.519467,-52.800441,
Lasalle Drive,47.519467,-52.800441,
Laumann Place,47.519467,-52.800441,
Laval Place,47.519467,-52.800441,
LeDrew Place,47.519467,-52.800441,
Leger Crescent,47.519467,-52.800441,
Lidstone Crescent,47.519467,-52.800441,
Lindbergh Crescent,47.519467,-52.800441,
Luther Place,47.519467,-52.800441,
MacCarthy Crescent,47.519467,-52.800441,
Macroom Place,47.519467,-52.800441,
Maisonneuve Drive,47.519467,-52.800441,
Manley Place,47.519467,-52.800441,
Maple Street,47.519467,-52.800441,
Marclay Avenue,47.519467,-52.800441,
Marconi Place,47.519467,-52.800441,
Marlin Drive,47.519467,-52.800441,
Massey Crescent,47.519467,-52.800441,
McCurdy Place,47.519467,-52.800441,
McGill Crescent,47.519467,-52.800441,
McGrath Crescent,47.519467,-52.800441,
McMaster Place,47.519467,-52.800441,
Medley Place,47.519467,-52.800441,
Michener Avenue,47.519467,-52.800441,
Moffat Road,47.519467,-52.800441,
Montclair Street,47.519467,-52.800441,
Montgomery Avenue,47.519467,-52.800441,
Moores Drive,47.519467,-52.800441,
Mortimore Drive,47.519467,-52.800441,
Mount Carson Avenue,47.519467,-52.800441,
Mount Carson Place,47.519467,-52.800441,
Munden Drive,47.519467,-52.800441,
Municipal Avenue,47.519467,-52.800441,
Murley Drive,47.519467,-52.800441,
Muskerry Place,47.519467,-52.800441,
Nash Crescent,47.519467,-52.800441,
Neal Place,47.519467,-52.800441,
Nelder Drive,47.519467,-52.800441,
Nelson Place,47.519467,-52.800441,
Norman Drive,47.519467,-52.800441,
Norma's Avenue,47.519467,-52.800441,
O'Flaherty Crescent,47.519467,-52.800441,
O'Keefe Avenue,47.519467,-52.800441,
Old Placentia Road,47.519467,-52.800441,
Olympic Drive,47.519467,-52.800441,
Opal Place,47.519467,-52.800441,
Orchard Avenue,47.519467,-52.800441,
Osmond Place,47.519467,-52.800441,
Oxford Crescent,47.519467,-52.800441,
Paddon Place,47.519467,-52.800441,
Park Avenue,47.519467,-52.800441,
Parsons Avenue,47.519467,-52.800441,
Peckford Place,47.519467,-52.800441,
Pembury Close,47.519467,-52.800441,
Penmore Drive,47.519467,-52.800441,
Pike Place,47.519467,-52.800441,
Pinebud Crescent,47.519467,-52.800441,
Pinware Crescent,47.519467,-52.800441,
Pittman Place,47.519467,-52.800441,
Pleasant Avenue,47.519467,-52.800441,
Pollux Drive,47.519467,-52.800441,
Portsmouth Close,47.519467,-52.800441,
Princeton Crescent,47.519467,-52.800441,
Pumphrey Avenue,47.519467,-52.800441,
Putney Place,47.519467,-52.800441,
Relay Road,47.519467,-52.800441,
Rideau Place,47.519467,-52.800441,
Riverview Avenue,47.519467,-52.800441,
Rodes Place,47.519467,-52.800441,
Roehampton Place,47.519467,-52.800441,
Roland Drive,47.519467,-52.800441,
Roosevelt Avenue,47.519467,-52.800441,
Rosedale Place,47.519467,-52.800441,
Royal Sovereign Close,47.519467,-52.800441,
Ruth Avenue,47.519467,-52.800441,
Samson Street,47.519467,-52.800441,
Sandhurst Close,47.519467,-52.800441,
Sapphire Crescent,47.519467,-52.800441,
Sauve Street,47.519467,-52.800441,
Scammell Crescent,47.519467,-52.800441,
Schreyer Crescent,47.519467,-52.800441,
Seabright Place,47.519467,-52.800441,
Sears Street,47.519467,-52.800441,
Second Street,47.519467,-52.800441,
Selkirk Drive,47.519467,-52.800441,
Senate Crescent,47.519467,-52.800441,
Simcoe Drive,47.519467,-52.800441,
Smallwood Drive,47.519467,-52.800441,
Spruce Avenue,47.519467,-52.800441,
St. Andrew's Avenue,47.519467,-52.800441,
St. David's Avenue,47.519467,-52.800441,
Stapleton Road,47.519467,-52.800441,
Stojko Place,47.519467,-52.800441,
Stonefield Place,47.519467,-52.800441,
Stonegate Crescent,47.519467,-52.800441,
Sunrise Avenue,47.519467,-52.800441,
Surin Street,47.519467,-52.800441,
Sycamore Place,47.519467,-52.800441,
Talon Place,47.519467,-52.800441,
Tavenor Place,47.519467,-52.800441,
Teasdale Street,47.519467,-52.800441,
Thames Place,47.519467,-52.800441,
Third Street,47.519467,-52.800441,
Thomey Place,47.519467,-52.800441,
Toope Place,47.519467,-52.800441,
Topaz Place,47.519467,-52.800441,
Topsail Road,47.519467,-52.800441,
Tower Lane,47.519467,-52.800441,
Trafalgar Drive,47.519467,-52.800441,
Tricco's Road,47.519467,-52.800441,
Trudeau Place,47.519467,-52.800441,
Truxtun Place,47.519467,-52.800441,
Tweedsmuir Place,47.519467,-52.800441,
Valleyview Avenue,47.519467,-52.800441,
Victory Lane,47.519467,-52.800441,
Waterloo Crescent,47.519467,-52.800441,
Webb Place,47.519467,-52.800441,
Wellington Crescent,47.519467,-52.800441,
Wells Crescent,47.519467,-52.800441,
Wembley Crescent,47.519467,-52.800441,
Westbrook Landing,47.519467,-52.800441,
Westminster Drive,47.519467,-52.800441,
Whelan Avenue,47.519467,-52.800441,
White Place,47.519467,-52.800441,
Whitehall Place,47.519467,-52.800441,
Whiteley Drive,47.519467,-52.800441,
Wilchris Place,47.519467,-52.800441,
Wilcox Place,47.519467,-52.800441,
Wilkes Avenue,47.519467,-52.800441,
Wilson Crescent,47.519467,-52.800441,
Winsor Place,47.519467,-52.800441,
Winston Avenue,47.519467,-52.800441,
Woodford Drive,47.519467,-52.800441,
Woodford Place,47.519467,-52.800441,
Worral Crescent,47.519467,-52.800441,
Wyatt Boulevard,47.519467,-52.800441,
Yale Place,47.519467,-52.800441,
Yetman Drive,47.519467,-52.800441